<?xml version="1.0" ?>
<instance>
  <vipAddress>httpbin</vipAddress>
  <leaseInfo>
    <evictionDurationInSecs>90</evictionDurationInSecs>
  </leaseInfo>
  <hostName>192.168.1.10</hostName>
  <port>10180</port>
  <securePort>443</securePort>
  <secureVipAddress/>
  <app>httpbin</app>
  <homePageUrl/>
  <ipAddr>httpbin</ipAddr>
  <dataCenterInfo>
    <name>MyOwn</name>
  </dataCenterInfo>
  <healthCheckUrl/>
  <region>default</region>
  <preferSameZone>False</preferSameZone>
  <statusPageUrl/>
  <metadata>
    <foo>bar</foo>
  </metadata>
</instance>
